Metric,Score
Accuracy,0.9767441860465116
Precision,0.9555555555555556
Recall,1.0
F1-Score,0.9772727272727273
